Dewpoint,HourlyPrecipIn,Humidity,Pressure,Temperature,deviceTime_unix,WindDirection,WindDirectionDegrees,WindSpeedGustMPH,WindSpeedMPH,dailyrainin
11.666666666666668,0.0,83.0,1012.8648522300001,14.666666666666666,1530428822,WSW,245.0,1.0,0.0,0.0
12.222222222222223,0.0,85.0,1012.8648522300001,14.500000000000002,1530429724,WSW,245.0,0.0,0.0,0.0
12.222222222222223,0.0,86.0,1012.8648522300001,14.27777777777778,1530430626,WSW,245.0,0.0,0.0,0.0
12.222222222222223,0.0,87.0,1012.8648522300001,14.166666666666668,1530431527,WSW,245.0,0.0,0.0,0.0
12.222222222222223,0.0,87.0,1012.8648522300001,14.11111111111111,1530432428,WSW,245.0,1.0,0.0,0.0
12.222222222222223,0.0,88.0,1012.8648522300001,14.000000000000002,1530433329,WSW,245.0,1.0,0.0,0.0
12.222222222222223,0.0,89.0,1012.8648522300001,13.88888888888889,1530434230,WSW,249.0,0.0,0.0,0.0
12.222222222222223,0.0,89.0,1012.5262147000001,13.777777777777777,1530435133,WSW,249.0,0.0,0.0,0.0
11.666666666666668,0.0,89.0,1012.5262147000001,13.611111111111112,1530436035,WSW,248.0,1.0,0.0,0.0
12.222222222222223,0.0,90.0,1012.5262147000001,13.499999999999998,1530436936,WSW,249.0,0.0,0.0,0.0
12.222222222222223,0.0,91.0,1012.5262147000001,13.444444444444446,1530437837,WSW,249.0,1.0,0.0,0.0
12.222222222222223,0.0,91.0,1012.5262147000001,13.388888888888891,1530438739,WSW,249.0,0.0,0.0,0.0
11.666666666666668,0.0,91.0,1012.8648522300001,13.277777777777777,1530439639,WSW,249.0,0.0,0.0,0.0
11.666666666666668,0.0,91.0,1012.8648522300001,13.222222222222221,1530440540,WSW,249.0,1.0,0.0,0.0
11.666666666666668,0.0,91.0,1012.8648522300001,13.0,1530441441,WSW,249.0,0.0,0.0,0.0
11.666666666666668,0.0,92.0,1012.8648522300001,12.944444444444443,1530442343,WSW,249.0,0.0,0.0,0.0
11.666666666666668,0.0,92.0,1012.8648522300001,12.777777777777779,1530443244,WSW,249.0,0.0,0.0,0.0
11.666666666666668,0.0,92.0,1012.8648522300001,12.833333333333334,1530444145,WSW,249.0,0.0,0.0,0.0
11.666666666666668,0.0,92.0,1013.2034897600001,12.722222222222221,1530445047,WSW,248.0,0.0,0.0,0.0
11.666666666666668,0.0,93.0,1012.8648522300001,12.611111111111112,1530445948,WSW,249.0,1.0,0.0,0.0
11.11111111111111,0.0,92.0,1013.2034897600001,12.5,1530446849,WSW,249.0,0.0,0.0,0.0
11.11111111111111,0.0,93.0,1013.2034897600001,12.333333333333336,1530447751,WSW,249.0,0.0,0.0,0.0
11.11111111111111,0.0,93.0,1013.54212729,12.333333333333336,1530448653,WSW,249.0,0.0,0.0,0.0
11.11111111111111,0.0,93.0,1013.54212729,12.333333333333336,1530449555,WSW,249.0,0.0,0.0,0.0
11.11111111111111,0.0,93.0,1013.8807648200001,12.388888888888888,1530450457,WSW,249.0,0.0,0.0,0.0
11.11111111111111,0.0,93.0,1013.8807648200001,12.388888888888888,1530451358,WSW,249.0,1.0,0.0,0.0
11.666666666666668,0.0,94.0,1013.8807648200001,12.611111111111112,1530452259,West,271.0,2.0,0.0,0.0
11.666666666666668,0.0,94.0,1014.2194023500001,12.777777777777779,1530453160,SW,233.0,2.0,0.0,0.0
12.222222222222223,0.0,94.0,1014.2194023500001,13.0,1530454063,SW,234.0,0.0,0.0,0.0
12.777777777777779,0.0,94.0,1014.5580398800001,13.555555555555555,1530454964,SW,233.0,1.0,0.0,0.0
13.333333333333334,0.0,94.0,1014.5580398800001,14.055555555555555,1530455865,SW,233.0,0.0,0.0,0.0
13.333333333333334,0.0,93.0,1014.5580398800001,14.666666666666666,1530456766,NW,307.0,1.0,0.0,0.0
13.88888888888889,0.0,92.0,1014.5580398800001,15.277777777777779,1530457669,North,5.0,2.0,0.0,0.0
14.444444444444445,0.0,90.0,1014.5580398800001,16.166666666666668,1530458573,NE,49.0,2.0,0.0,0.0
15.0,0.0,87.0,1014.5580398800001,17.22222222222222,1530459477,NNW,344.0,1.0,0.0,0.0
15.0,0.0,79.0,1014.5580398800001,18.722222222222225,1530460382,WSW,257.0,1.0,0.0,0.0
15.555555555555557,0.0,77.0,1014.5580398800001,19.444444444444446,1530461286,NNW,333.0,2.0,0.0,0.0
15.0,0.0,71.0,1014.5580398800001,20.166666666666664,1530462189,WSW,252.0,1.0,0.0,0.0
15.0,0.0,71.0,1014.5580398800001,20.500000000000004,1530463091,WSW,248.0,1.0,0.0,0.0
15.0,0.0,68.0,1014.5580398800001,21.222222222222225,1530463996,WSW,248.0,2.0,0.0,0.0
15.0,0.0,67.0,1014.5580398800001,21.555555555555554,1530464898,West,259.0,2.0,0.0,0.0
15.555555555555557,0.0,66.0,1014.5580398800001,22.16666666666667,1530465801,WSW,257.0,2.0,0.0,0.0
15.555555555555557,0.0,63.0,1014.5580398800001,22.833333333333332,1530466705,WSW,254.0,2.0,0.0,0.0
15.555555555555557,0.0,61.0,1014.5580398800001,23.61111111111111,1530467609,WNW,294.0,2.0,0.0,0.0
15.555555555555557,0.0,60.0,1014.89667741,24.055555555555554,1530468512,NW,324.0,3.0,3.0,0.0
15.555555555555557,0.0,60.0,1014.89667741,23.77777777777778,1530469413,WSW,252.0,4.0,0.0,0.0
15.555555555555557,0.0,59.0,1014.89667741,23.88888888888889,1530470314,WSW,257.0,2.0,0.0,0.0
15.0,0.0,58.0,1014.89667741,24.055555555555554,1530471215,West,260.0,3.0,1.0,0.0
14.444444444444445,0.0,58.0,1014.89667741,23.388888888888886,1530472116,SSW,212.0,5.0,4.0,0.0
14.444444444444445,0.0,59.0,1014.89667741,22.722222222222225,1530473017,South,174.0,7.0,3.0,0.0
13.88888888888889,0.0,63.0,1014.89667741,21.333333333333336,1530473917,SSE,160.0,11.0,2.0,0.0
13.88888888888889,0.0,64.0,1014.89667741,21.05555555555556,1530474819,SSW,210.0,8.0,2.0,0.0
13.88888888888889,0.0,64.0,1015.2353149400001,21.222222222222225,1530475719,SW,236.0,6.0,1.0,0.0
13.88888888888889,0.0,64.0,1015.2353149400001,21.11111111111111,1530476620,South,189.0,9.0,0.0,0.0
13.88888888888889,0.0,65.0,1014.89667741,20.777777777777782,1530477521,SW,217.0,7.0,4.0,0.0
13.333333333333334,0.0,65.0,1014.89667741,20.27777777777778,1530478422,SSW,199.0,10.0,5.0,0.0
13.333333333333334,0.0,67.0,1014.89667741,19.777777777777775,1530479322,SSW,203.0,7.0,2.0,0.0
13.333333333333334,0.0,65.0,1014.89667741,20.444444444444443,1530480223,SW,217.0,7.0,4.0,0.0
13.333333333333334,0.0,66.0,1014.89667741,19.94444444444445,1530481123,SW,231.0,11.0,5.0,0.0
13.333333333333334,0.0,66.0,1014.89667741,19.94444444444445,1530482026,WSW,246.0,10.0,6.0,0.0
13.333333333333334,0.0,69.0,1015.2353149400001,19.22222222222222,1530482925,West,262.0,13.0,8.0,0.0
13.333333333333334,0.0,70.0,1014.89667741,19.111111111111114,1530483825,SW,217.0,12.0,6.0,0.0
13.88888888888889,0.0,70.0,1014.89667741,19.333333333333332,1530484726,South,181.0,10.0,5.0,0.0
13.333333333333334,0.0,69.0,1014.89667741,19.333333333333332,1530485628,SW,222.0,11.0,4.0,0.0
13.333333333333334,0.0,69.0,1014.89667741,19.27777777777778,1530486528,South,184.0,9.0,3.0,0.0
13.88888888888889,0.0,71.0,1014.89667741,19.055555555555554,1530487428,West,271.0,8.0,0.0,0.0
13.333333333333334,0.0,71.0,1014.89667741,18.944444444444443,1530488328,WSW,240.0,10.0,5.0,0.0
13.88888888888889,0.0,74.0,1015.2353149400001,18.5,1530489229,South,171.0,11.0,4.0,0.0
13.333333333333334,0.0,75.0,1014.89667741,17.833333333333332,1530490130,SW,216.0,10.0,4.0,0.0
13.333333333333334,0.0,77.0,1014.89667741,17.5,1530491030,South,188.0,13.0,2.0,0.0
13.333333333333334,0.0,76.0,1014.89667741,17.72222222222222,1530491931,South,190.0,9.0,5.0,0.0
13.88888888888889,0.0,78.0,1014.89667741,17.5,1530492832,SSE,165.0,10.0,2.0,0.0
13.88888888888889,0.0,76.0,1014.89667741,17.888888888888893,1530493732,SW,230.0,9.0,3.0,0.0
13.333333333333334,0.0,77.0,1014.5580398800001,17.333333333333336,1530494632,SW,220.0,12.0,3.0,0.0
13.333333333333334,0.0,77.0,1014.5580398800001,17.22222222222222,1530495533,SSE,168.0,10.0,4.0,0.0
12.777777777777779,0.0,76.0,1014.89667741,17.166666666666668,1530496434,WSW,241.0,7.0,0.0,0.0
13.333333333333334,0.0,77.0,1014.89667741,17.166666666666668,1530497335,WNW,299.0,4.0,0.0,0.0
12.222222222222223,0.0,78.0,1014.89667741,16.27777777777778,1530498235,SW,220.0,9.0,3.0,0.0
12.777777777777779,0.0,80.0,1014.89667741,16.055555555555557,1530499136,SSW,193.0,9.0,5.0,0.0
12.222222222222223,0.0,79.0,1014.89667741,16.11111111111111,1530500037,SSE,153.0,5.0,2.0,0.0
12.222222222222223,0.0,79.0,1014.89667741,16.11111111111111,1530500937,SSE,152.0,3.0,3.0,0.0
12.777777777777779,0.0,81.0,1014.5580398800001,15.777777777777779,1530501837,SSW,199.0,2.0,0.0,0.0
12.222222222222223,0.0,82.0,1014.5580398800001,15.388888888888891,1530502738,SSW,208.0,7.0,0.0,0.0
12.222222222222223,0.0,83.0,1014.89667741,15.111111111111112,1530503639,SSE,150.0,2.0,0.0,0.0
12.222222222222223,0.0,85.0,1014.5580398800001,14.722222222222223,1530504539,SSW,192.0,7.0,4.0,0.0
12.222222222222223,0.0,87.0,1014.5580398800001,14.333333333333332,1530505440,SSW,195.0,8.0,3.0,0.0
12.222222222222223,0.0,88.0,1014.89667741,14.222222222222223,1530506340,SSW,212.0,8.0,2.0,0.0
12.222222222222223,0.0,89.0,1014.89667741,14.11111111111111,1530507241,SSW,193.0,5.0,3.0,0.0
12.222222222222223,0.0,89.0,1014.89667741,14.000000000000002,1530508142,SW,224.0,8.0,2.0,0.0
12.222222222222223,0.0,89.0,1014.89667741,14.000000000000002,1530509043,SW,221.0,7.0,2.0,0.0
12.222222222222223,0.0,89.0,1014.89667741,13.88888888888889,1530509944,SSW,209.0,6.0,3.0,0.0
12.222222222222223,0.0,90.0,1014.89667741,13.88888888888889,1530510844,SSE,147.0,4.0,4.0,0.0
12.222222222222223,0.0,90.0,1014.89667741,13.833333333333334,1530511745,SSE,157.0,3.0,0.0,0.0
12.222222222222223,0.0,90.0,1014.89667741,13.722222222222225,1530512645,SSE,156.0,0.0,0.0,0.0
12.222222222222223,0.0,90.0,1014.5580398800001,13.666666666666668,1530513545,East,100.0,1.0,0.0,0.0
12.222222222222223,0.0,91.0,1014.5580398800001,13.611111111111112,1530514446,SSE,148.0,3.0,1.0,0.0
12.222222222222223,0.0,91.0,1014.5580398800001,13.499999999999998,1530515347,SSE,159.0,1.0,0.0,0.0
12.222222222222223,0.0,91.0,1014.5580398800001,13.499999999999998,1530516248,SSE,148.0,1.0,0.0,0.0
12.222222222222223,0.0,92.0,1014.5580398800001,13.555555555555555,1530517149,SSE,155.0,0.0,0.0,0.0
12.222222222222223,0.0,92.0,1014.5580398800001,13.555555555555555,1530518050,SE,135.0,1.0,0.0,0.0
12.222222222222223,0.0,92.0,1014.2194023500001,13.388888888888891,1530518952,SSW,207.0,0.0,0.0,0.0
12.222222222222223,0.0,92.0,1014.2194023500001,13.555555555555555,1530519853,SSE,150.0,4.0,2.0,0.0
12.222222222222223,0.0,92.0,1014.2194023500001,13.611111111111112,1530520754,WSW,237.0,3.0,0.0,0.0
12.222222222222223,0.0,92.0,1014.2194023500001,13.16666666666667,1530521656,WSW,248.0,1.0,0.0,0.0
11.666666666666668,0.0,92.0,1014.2194023500001,13.055555555555555,1530522558,WSW,248.0,0.0,0.0,0.0
12.222222222222223,0.0,93.0,1014.2194023500001,13.333333333333334,1530523459,ESE,116.0,1.0,0.0,0.0
12.222222222222223,0.0,92.0,1014.2194023500001,13.333333333333334,1530524359,ESE,116.0,0.0,0.0,0.0
12.777777777777779,0.0,93.0,1014.2194023500001,13.555555555555555,1530525260,SSW,210.0,4.0,0.0,0.0
12.222222222222223,0.0,92.0,1013.8807648200001,13.555555555555555,1530526162,SSE,167.0,3.0,0.0,0.0
12.222222222222223,0.0,92.0,1013.8807648200001,13.499999999999998,1530527062,SSE,153.0,0.0,0.0,0.0
12.222222222222223,0.0,92.0,1014.2194023500001,13.388888888888891,1530527963,SW,218.0,2.0,0.0,0.0
12.222222222222223,0.0,92.0,1014.2194023500001,13.277777777777777,1530528864,SSW,205.0,2.0,0.0,0.0
12.222222222222223,0.0,92.0,1013.8807648200001,13.16666666666667,1530529764,SE,140.0,0.0,0.0,0.0
11.666666666666668,0.0,92.0,1013.8807648200001,13.111111111111112,1530530665,SSE,162.0,0.0,0.0,0.0
11.666666666666668,0.0,92.0,1013.8807648200001,12.888888888888891,1530531567,SSE,162.0,0.0,0.0,0.0
11.666666666666668,0.0,92.0,1013.8807648200001,12.722222222222221,1530532469,SSE,162.0,0.0,0.0,0.0
11.11111111111111,0.0,92.0,1013.8807648200001,12.555555555555557,1530533370,SSE,162.0,0.0,0.0,0.0
11.666666666666668,0.0,93.0,1014.2194023500001,12.444444444444445,1530534271,SSE,162.0,0.0,0.0,0.0
11.11111111111111,0.0,93.0,1014.2194023500001,12.277777777777779,1530535172,SSE,162.0,0.0,0.0,0.0
11.11111111111111,0.0,93.0,1014.2194023500001,12.388888888888888,1530536073,SSE,152.0,0.0,0.0,0.0
11.666666666666668,0.0,93.0,1014.2194023500001,12.444444444444445,1530536973,SSE,152.0,0.0,0.0,0.0
11.666666666666668,0.0,94.0,1014.2194023500001,12.555555555555557,1530537875,SSE,152.0,0.0,0.0,0.0
11.666666666666668,0.0,94.0,1014.5580398800001,12.666666666666666,1530538775,SSE,152.0,0.0,0.0,0.0
12.222222222222223,0.0,94.0,1014.5580398800001,12.888888888888891,1530539676,NNE,22.0,0.0,0.0,0.0
12.222222222222223,0.0,94.0,1014.5580398800001,13.055555555555555,1530540577,NNE,22.0,1.0,0.0,0.0
12.222222222222223,0.0,94.0,1014.5580398800001,13.277777777777777,1530541478,NNE,18.0,2.0,0.0,0.0
12.777777777777779,0.0,93.0,1014.89667741,13.611111111111112,1530542381,NNE,12.0,2.0,1.0,0.0
12.777777777777779,0.0,92.0,1014.89667741,13.88888888888889,1530543283,North,357.0,2.0,0.0,0.0
12.777777777777779,0.0,91.0,1015.2353149400001,14.055555555555555,1530544185,WNW,288.0,0.0,0.0,0.0
12.777777777777779,0.0,90.0,1015.2353149400001,14.27777777777778,1530545087,NNE,30.0,4.0,4.0,0.0
12.777777777777779,0.0,89.0,1015.2353149400001,14.777777777777779,1530545990,WSW,248.0,1.0,0.0,0.0
13.333333333333334,0.0,88.0,1014.89667741,15.111111111111112,1530546893,West,273.0,1.0,0.0,0.0
13.333333333333334,0.0,85.0,1014.89667741,16.055555555555557,1530547797,SW,218.0,2.0,0.0,0.0
13.333333333333334,0.0,81.0,1014.89667741,16.38888888888889,1530548701,SE,126.0,3.0,2.0,0.0
13.333333333333334,0.0,80.0,1014.89667741,16.500000000000004,1530549601,South,179.0,8.0,4.0,0.0
12.777777777777779,0.0,79.0,1014.89667741,16.666666666666668,1530550503,South,184.0,5.0,0.0,0.0
13.333333333333334,0.0,79.0,1014.89667741,16.77777777777778,1530551404,SW,219.0,8.0,4.0,0.0
13.333333333333334,0.0,79.0,1014.89667741,16.833333333333332,1530552305,SW,224.0,10.0,5.0,0.0
13.333333333333334,0.0,78.0,1014.5580398800001,17.27777777777778,1530553207,South,181.0,7.0,4.0,0.0
13.333333333333334,0.0,77.0,1014.5580398800001,17.444444444444443,1530554109,SW,227.0,8.0,3.0,0.0
13.333333333333334,0.0,75.0,1014.5580398800001,18.000000000000004,1530555012,SE,144.0,9.0,3.0,0.0
13.333333333333334,0.0,73.0,1014.5580398800001,18.277777777777782,1530555915,SW,217.0,9.0,5.0,0.0
13.333333333333334,0.0,73.0,1014.5580398800001,18.444444444444446,1530556815,South,190.0,9.0,6.0,0.0
13.88888888888889,0.0,73.0,1014.5580398800001,18.61111111111111,1530557717,South,177.0,10.0,3.0,0.0
13.333333333333334,0.0,73.0,1014.5580398800001,18.5,1530558678,South,169.0,11.0,0.0,0.0
13.88888888888889,0.0,73.0,1014.89667741,18.55555555555556,1530559520,SW,233.0,11.0,5.0,0.0
13.333333333333334,0.0,74.0,1014.89667741,18.111111111111107,1530560421,SSE,160.0,10.0,4.0,0.0
13.333333333333334,0.0,74.0,1014.5580398800001,18.055555555555557,1530561322,South,191.0,11.0,5.0,0.0
13.333333333333334,0.0,73.0,1014.5580398800001,18.388888888888886,1530562222,South,187.0,10.0,5.0,0.0
13.88888888888889,0.0,72.0,1014.5580398800001,18.77777777777778,1530563123,SSW,193.0,9.0,5.0,0.0
13.88888888888889,0.0,71.0,1014.5580398800001,19.000000000000004,1530564023,SE,138.0,10.0,3.0,0.0
13.88888888888889,0.0,71.0,1014.5580398800001,19.111111111111114,1530564926,SSW,199.0,12.0,4.0,0.0
13.333333333333334,0.0,70.0,1014.5580398800001,19.055555555555554,1530565827,SW,229.0,10.0,5.0,0.0
13.333333333333334,0.0,71.0,1014.2194023500001,18.77777777777778,1530566727,South,188.0,13.0,5.0,0.0
13.333333333333334,0.0,71.0,1014.2194023500001,18.61111111111111,1530567628,SSW,205.0,11.0,7.0,0.0
13.333333333333334,0.0,71.0,1013.8807648200001,18.722222222222225,1530568529,SW,232.0,11.0,3.0,0.0
13.333333333333334,0.0,70.0,1013.8807648200001,18.944444444444443,1530569429,SSE,167.0,8.0,4.0,0.0
13.333333333333334,0.0,71.0,1013.54212729,18.833333333333336,1530570330,South,179.0,12.0,3.0,0.0
13.333333333333334,0.0,68.0,1013.54212729,19.499999999999996,1530571233,SSE,158.0,8.0,3.0,0.0
13.333333333333334,0.0,69.0,1013.2034897600001,19.444444444444446,1530572135,SSW,200.0,7.0,5.0,0.0
13.333333333333334,0.0,69.0,1013.2034897600001,19.388888888888893,1530573036,SSW,203.0,9.0,6.0,0.0
13.88888888888889,0.0,70.0,1012.8648522300001,19.388888888888893,1530573938,South,175.0,9.0,6.0,0.0
13.333333333333334,0.0,69.0,1013.2034897600001,19.333333333333332,1530574840,SSW,204.0,9.0,0.0,0.0
13.333333333333334,0.0,71.0,1012.8648522300001,18.722222222222225,1530575739,South,172.0,8.0,6.0,0.0
13.333333333333334,0.0,72.0,1012.5262147000001,18.444444444444446,1530576641,SSE,161.0,7.0,4.0,0.0
13.333333333333334,0.0,74.0,1012.5262147000001,17.944444444444443,1530577542,SSE,153.0,9.0,7.0,0.0
12.777777777777779,0.0,76.0,1012.18757717,17.27777777777778,1530578444,SSE,149.0,10.0,8.0,0.0
12.777777777777779,0.0,76.0,1012.18757717,17.27777777777778,1530579346,SSW,200.0,9.0,4.0,0.0
13.333333333333334,0.0,77.0,1012.18757717,17.22222222222222,1530580247,SSW,207.0,8.0,2.0,0.0
13.333333333333334,0.0,77.0,1012.18757717,17.11111111111111,1530581148,South,191.0,7.0,3.0,0.0
12.777777777777779,0.0,79.0,1012.18757717,16.444444444444446,1530582049,SSE,164.0,9.0,9.0,0.0
12.777777777777779,0.0,82.0,1011.84893964,15.66666666666667,1530582950,SE,146.0,9.0,6.0,0.0
12.777777777777779,0.0,84.0,1011.84893964,15.222222222222221,1530583851,WSW,240.0,11.0,6.0,0.0
12.222222222222223,0.0,84.0,1011.84893964,15.055555555555557,1530584751,SSE,155.0,10.0,3.0,0.0
12.222222222222223,0.0,86.0,1011.84893964,14.722222222222223,1530585653,SE,146.0,8.0,5.0,0.0
12.222222222222223,0.0,86.0,1011.5103021100001,14.555555555555557,1530586554,South,188.0,8.0,3.0,0.0
12.222222222222223,0.0,87.0,1011.5103021100001,14.444444444444445,1530587455,SSE,148.0,8.0,3.0,0.0
12.222222222222223,0.0,86.0,1011.84893964,14.38888888888889,1530588356,SSE,167.0,8.0,2.0,0.0
12.222222222222223,0.0,88.0,1011.84893964,14.11111111111111,1530589257,South,187.0,5.0,0.0,0.0
12.222222222222223,0.0,88.0,1011.5103021100001,14.000000000000002,1530590157,SE,133.0,6.0,0.0,0.0
11.666666666666668,0.0,88.0,1011.84893964,13.722222222222225,1530591058,SSW,208.0,5.0,2.0,0.0
11.666666666666668,0.0,89.0,1011.84893964,13.555555555555555,1530591958,South,184.0,6.0,3.0,0.0
12.222222222222223,0.0,90.0,1011.84893964,13.499999999999998,1530592859,SE,146.0,5.0,3.0,0.0
11.666666666666668,0.0,90.0,1011.84893964,13.388888888888891,1530593759,SSE,166.0,6.0,3.0,0.0
11.666666666666668,0.0,91.0,1011.84893964,13.277777777777777,1530594660,SE,129.0,3.0,1.0,0.0
12.222222222222223,0.0,91.0,1011.84893964,13.333333333333334,1530595561,ESE,122.0,4.0,0.0,0.0
11.666666666666668,0.0,91.0,1011.84893964,13.222222222222221,1530596461,SE,134.0,6.0,0.0,0.0
11.666666666666668,0.0,91.0,1011.5103021100001,13.111111111111112,1530597362,South,187.0,3.0,0.0,0.0
11.666666666666668,0.0,92.0,1011.5103021100001,13.055555555555555,1530598263,South,179.0,6.0,3.0,0.0
11.666666666666668,0.0,91.0,1011.5103021100001,12.944444444444443,1530599164,SSE,150.0,7.0,3.0,0.0
11.666666666666668,0.0,92.0,1011.1716645800001,12.888888888888891,1530600065,SSW,195.0,6.0,3.0,0.0
11.666666666666668,0.0,92.0,1011.1716645800001,12.833333333333334,1530600966,SE,146.0,5.0,1.0,0.0
11.666666666666668,0.0,92.0,1011.1716645800001,12.777777777777779,1530601869,SSW,207.0,6.0,0.0,0.0
11.666666666666668,0.0,92.0,1011.1716645800001,12.833333333333334,1530602771,SE,144.0,4.0,2.0,0.0
11.666666666666668,0.0,91.0,1011.1716645800001,12.888888888888891,1530603674,South,172.0,6.0,2.0,0.0
11.666666666666668,0.0,91.0,1010.8330270500002,12.833333333333334,1530604574,SSW,198.0,4.0,0.0,0.0
11.666666666666668,0.0,91.0,1010.8330270500002,12.777777777777779,1530605475,SSE,163.0,5.0,3.0,0.0
11.11111111111111,0.0,91.0,1010.8330270500002,12.722222222222221,1530606376,SSW,210.0,6.0,0.0,0.0
11.11111111111111,0.0,91.0,1010.8330270500002,12.722222222222221,1530607278,SSE,163.0,3.0,0.0,0.0
11.666666666666668,0.0,92.0,1010.8330270500002,12.888888888888891,1530608178,North,349.0,4.0,0.0,0.0
11.666666666666668,0.0,92.0,1010.49438952,13.111111111111112,1530609081,NNW,345.0,5.0,0.0,0.0
12.222222222222223,0.0,92.0,1010.15575199,13.333333333333334,1530609984,SSW,200.0,5.0,0.0,0.0
12.222222222222223,0.0,92.0,1010.15575199,13.333333333333334,1530610885,SSE,150.0,2.0,1.0,0.0
12.222222222222223,0.0,92.0,1010.15575199,13.388888888888891,1530611786,SSE,163.0,3.0,2.0,0.0
12.222222222222223,0.0,92.0,1010.15575199,13.388888888888891,1530612687,SSE,167.0,2.0,0.0,0.0
12.222222222222223,0.0,92.0,1010.15575199,13.388888888888891,1530613589,SW,233.0,2.0,0.0,0.0
12.222222222222223,0.0,92.0,1010.15575199,13.499999999999998,1530614489,SE,146.0,4.0,0.0,0.0
12.222222222222223,0.0,92.0,1009.8171144600001,13.611111111111112,1530615391,SW,231.0,5.0,0.0,0.0
12.222222222222223,0.0,91.0,1009.8171144600001,13.555555555555555,1530616292,SW,214.0,2.0,0.0,0.0
12.222222222222223,0.0,91.0,1009.8171144600001,13.499999999999998,1530617193,East,90.0,3.0,2.0,0.0
12.222222222222223,0.0,91.0,1009.8171144600001,13.499999999999998,1530618094,ESE,117.0,4.0,0.0,0.0
12.222222222222223,0.0,91.0,1010.15575199,13.388888888888891,1530618994,SW,233.0,5.0,0.0,0.0
12.222222222222223,0.0,91.0,1009.8171144600001,13.499999999999998,1530619895,SW,217.0,3.0,0.0,0.0
12.222222222222223,0.0,91.0,1010.15575199,13.444444444444446,1530620796,SSE,159.0,3.0,0.0,0.0
12.222222222222223,0.0,91.0,1010.15575199,13.333333333333334,1530621697,East,100.0,6.0,1.0,0.0
11.666666666666668,0.0,90.0,1010.49438952,13.055555555555555,1530622598,SSW,204.0,2.0,0.0,0.0
11.666666666666668,0.0,90.0,1010.49438952,12.944444444444443,1530623499,ESE,118.0,5.0,2.0,0.0
11.666666666666668,0.0,90.0,1010.8330270500002,12.944444444444443,1530624400,SSW,199.0,6.0,1.0,0.0
11.666666666666668,0.0,90.0,1010.49438952,13.055555555555555,1530625301,ESE,110.0,3.0,3.0,0.0
11.666666666666668,0.0,90.0,1010.49438952,13.222222222222221,1530626201,SW,214.0,6.0,0.0,0.0
11.666666666666668,0.0,90.0,1011.1716645800001,13.444444444444446,1530627102,WSW,252.0,4.0,1.0,0.0
12.222222222222223,0.0,90.0,1010.8330270500002,13.611111111111112,1530628004,SW,221.0,4.0,0.0,0.0
12.222222222222223,0.0,89.0,1011.1716645800001,14.000000000000002,1530628905,SW,215.0,4.0,2.0,0.0
12.222222222222223,0.0,87.0,1011.1716645800001,14.166666666666668,1530629808,SSE,167.0,4.0,0.0,0.0
12.777777777777779,0.0,87.0,1011.1716645800001,14.777777777777779,1530630711,SSE,165.0,3.0,0.0,0.0
12.222222222222223,0.0,84.0,1011.5103021100001,15.055555555555557,1530631614,SW,231.0,7.0,0.0,0.0
12.777777777777779,0.0,83.0,1011.5103021100001,15.388888888888891,1530632517,SW,221.0,7.0,5.0,0.0
12.222222222222223,0.0,81.0,1011.5103021100001,15.611111111111112,1530633419,SW,218.0,9.0,3.0,0.0
12.222222222222223,0.0,80.0,1011.5103021100001,15.833333333333334,1530634320,SSW,195.0,7.0,2.0,0.0
12.222222222222223,0.0,78.0,1011.5103021100001,16.055555555555557,1530635223,SW,214.0,10.0,4.0,0.0
11.666666666666668,0.0,74.0,1011.5103021100001,16.500000000000004,1530636125,SSW,207.0,7.0,4.0,0.0
12.222222222222223,0.0,74.0,1011.5103021100001,16.944444444444446,1530637029,SW,228.0,9.0,5.0,0.0
12.777777777777779,0.0,73.0,1011.5103021100001,17.555555555555557,1530637932,SSE,160.0,7.0,6.0,0.0
12.777777777777779,0.0,72.0,1011.84893964,17.944444444444443,1530638834,SSW,208.0,9.0,3.0,0.0
12.777777777777779,0.0,70.0,1011.5103021100001,18.55555555555556,1530639737,SW,226.0,6.0,4.0,0.0
12.777777777777779,0.0,66.0,1011.84893964,19.499999999999996,1530640641,SSW,211.0,7.0,2.0,0.0
12.777777777777779,0.0,65.0,1012.18757717,19.833333333333336,1530641545,SSW,208.0,8.0,6.0,0.0
12.222222222222223,0.0,62.0,1012.18757717,20.0,1530642447,SW,214.0,9.0,5.0,0.0
12.777777777777779,0.0,61.0,1012.18757717,20.555555555555557,1530643349,SSW,212.0,6.0,2.0,0.0
12.777777777777779,0.0,59.0,1011.84893964,21.11111111111111,1530644253,SW,235.0,5.0,4.0,0.0
12.777777777777779,0.0,59.0,1011.84893964,21.11111111111111,1530645154,SW,217.0,7.0,6.0,0.0
12.777777777777779,0.0,60.0,1011.84893964,21.05555555555556,1530646055,SW,225.0,6.0,4.0,0.0
12.777777777777779,0.0,58.0,1011.84893964,21.333333333333336,1530646955,WSW,250.0,8.0,1.0,0.0
12.777777777777779,0.0,58.0,1011.84893964,21.38888888888889,1530647856,South,183.0,10.0,3.0,0.0
12.777777777777779,0.0,59.0,1011.84893964,21.333333333333336,1530648757,WSW,249.0,9.0,4.0,0.0
12.777777777777779,0.0,60.0,1011.84893964,21.05555555555556,1530649658,South,191.0,9.0,5.0,0.0
12.777777777777779,0.0,57.0,1011.84893964,21.72222222222222,1530650559,WSW,245.0,8.0,8.0,0.0
12.777777777777779,0.0,58.0,1011.5103021100001,21.500000000000004,1530651459,SSE,155.0,8.0,6.0,0.0
12.777777777777779,0.0,56.0,1011.5103021100001,21.77777777777778,1530652360,South,174.0,10.0,5.0,0.0
12.777777777777779,0.0,56.0,1011.5103021100001,22.11111111111111,1530653262,WSW,246.0,7.0,0.0,0.0
12.777777777777779,0.0,55.0,1011.5103021100001,22.277777777777775,1530654164,SSW,200.0,9.0,3.0,0.0
12.777777777777779,0.0,55.0,1011.5103021100001,22.16666666666667,1530655066,SSW,209.0,9.0,3.0,0.0
12.777777777777779,0.0,56.0,1011.5103021100001,22.11111111111111,1530655967,SW,215.0,7.0,0.0,0.0
12.222222222222223,0.0,57.0,1011.84893964,21.27777777777778,1530656868,West,259.0,8.0,2.0,0.0
12.777777777777779,0.0,59.0,1011.5103021100001,21.0,1530657769,SSW,198.0,9.0,0.0,0.0
12.777777777777779,0.0,59.0,1011.5103021100001,21.166666666666664,1530658669,SSW,211.0,7.0,5.0,0.0
12.777777777777779,0.0,58.0,1011.5103021100001,21.27777777777778,1530659570,WSW,252.0,8.0,0.0,0.0
12.777777777777779,0.0,59.0,1011.5103021100001,21.166666666666664,1530660471,West,263.0,7.0,5.0,0.0
12.222222222222223,0.0,60.0,1011.5103021100001,20.388888888888893,1530661372,SW,214.0,9.0,2.0,0.0
12.222222222222223,0.0,63.0,1011.5103021100001,19.72222222222222,1530662272,SSW,204.0,8.0,3.0,0.0
12.222222222222223,0.0,64.0,1011.5103021100001,19.444444444444446,1530663173,SW,216.0,8.0,2.0,0.0
12.222222222222223,0.0,66.0,1011.1716645800001,18.88888888888889,1530664074,SSE,163.0,9.0,5.0,0.0
12.222222222222223,0.0,66.0,1011.5103021100001,18.5,1530664975,SSW,195.0,10.0,5.0,0.0
11.666666666666668,0.0,68.0,1011.1716645800001,17.833333333333332,1530665876,WSW,255.0,12.0,4.0,0.0
11.666666666666668,0.0,70.0,1011.1716645800001,17.333333333333336,1530666776,SSE,148.0,12.0,8.0,0.0
11.666666666666668,0.0,71.0,1011.1716645800001,17.0,1530667677,SSW,200.0,10.0,2.0,0.0
11.666666666666668,0.0,72.0,1011.1716645800001,16.666666666666668,1530668578,SSW,205.0,9.0,4.0,0.0
11.666666666666668,0.0,74.0,1011.1716645800001,16.27777777777778,1530669479,SSW,194.0,10.0,2.0,0.0
11.666666666666668,0.0,75.0,1011.1716645800001,15.888888888888891,1530670379,South,180.0,6.0,3.0,0.0
11.666666666666668,0.0,75.0,1011.1716645800001,15.833333333333334,1530671281,SW,229.0,8.0,2.0,0.0
11.11111111111111,0.0,77.0,1011.1716645800001,15.388888888888891,1530672181,SE,141.0,7.0,4.0,0.0
11.11111111111111,0.0,78.0,1011.1716645800001,15.055555555555557,1530673082,SSE,154.0,7.0,3.0,0.0
11.11111111111111,0.0,79.0,1011.5103021100001,14.777777777777779,1530673983,South,176.0,6.0,1.0,0.0
11.11111111111111,0.0,81.0,1011.5103021100001,14.38888888888889,1530674883,SW,232.0,7.0,3.0,0.0
11.11111111111111,0.0,81.0,1011.5103021100001,14.27777777777778,1530675784,West,262.0,7.0,1.0,0.0
11.11111111111111,0.0,82.0,1011.5103021100001,14.11111111111111,1530676685,South,187.0,6.0,3.0,0.0
11.11111111111111,0.0,82.0,1011.5103021100001,14.055555555555555,1530677646,South,186.0,7.0,2.0,0.0
11.11111111111111,0.0,83.0,1011.5103021100001,13.88888888888889,1530678486,SSW,199.0,6.0,1.0,0.0
11.11111111111111,0.0,83.0,1011.84893964,13.722222222222225,1530679387,SW,217.0,6.0,2.0,0.0
11.11111111111111,0.0,83.0,1011.84893964,13.722222222222225,1530680287,SE,138.0,5.0,2.0,0.0
11.11111111111111,0.0,84.0,1011.84893964,13.722222222222225,1530681188,South,183.0,4.0,1.0,0.0
11.11111111111111,0.0,84.0,1011.84893964,13.611111111111112,1530682088,SSE,148.0,6.0,2.0,0.0
11.11111111111111,0.0,84.0,1012.18757717,13.499999999999998,1530682989,SE,144.0,4.0,0.0,0.0
11.11111111111111,0.0,85.0,1012.18757717,13.333333333333334,1530683890,ESE,105.0,3.0,0.0,0.0
10.555555555555555,0.0,85.0,1012.18757717,13.16666666666667,1530684791,ESE,111.0,4.0,2.0,0.0
10.555555555555555,0.0,86.0,1012.18757717,13.0,1530685692,East,84.0,2.0,0.0,0.0
10.555555555555555,0.0,87.0,1012.18757717,12.888888888888891,1530686592,SSE,163.0,1.0,0.0,0.0
10.555555555555555,0.0,87.0,1012.18757717,12.777777777777779,1530687493,SE,132.0,2.0,0.0,0.0
10.555555555555555,0.0,87.0,1012.18757717,12.722222222222221,1530688395,East,91.0,2.0,0.0,0.0
10.555555555555555,0.0,88.0,1012.18757717,12.555555555555557,1530689297,East,100.0,1.0,0.0,0.0
10.555555555555555,0.0,88.0,1012.18757717,12.555555555555557,1530690198,East,98.0,3.0,0.0,0.0
11.11111111111111,0.0,88.0,1012.18757717,12.722222222222221,1530691098,SSE,165.0,2.0,1.0,0.0
11.11111111111111,0.0,88.0,1012.18757717,12.722222222222221,1530691998,SE,144.0,1.0,0.0,0.0
11.11111111111111,0.0,88.0,1012.18757717,12.722222222222221,1530692900,SSW,201.0,2.0,1.0,0.0
11.11111111111111,0.0,88.0,1012.18757717,12.777777777777779,1530693801,South,186.0,3.0,1.0,0.0
11.11111111111111,0.0,88.0,1012.18757717,12.777777777777779,1530694701,SSE,157.0,4.0,0.0,0.0
11.11111111111111,0.0,88.0,1012.18757717,12.777777777777779,1530695601,SSE,160.0,4.0,0.0,0.0
11.11111111111111,0.0,88.0,1012.18757717,12.722222222222221,1530696503,South,179.0,1.0,0.0,0.0
11.11111111111111,0.0,88.0,1012.18757717,12.777777777777779,1530697403,ESE,123.0,2.0,0.0,0.0
11.11111111111111,0.0,88.0,1012.18757717,12.888888888888891,1530698304,South,191.0,2.0,1.0,0.0
11.11111111111111,0.0,88.0,1012.5262147000001,13.055555555555555,1530699206,ESE,105.0,1.0,0.0,0.0
11.11111111111111,0.0,88.0,1012.5262147000001,13.111111111111112,1530700108,WNW,290.0,1.0,0.0,0.0
11.11111111111111,0.0,88.0,1012.5262147000001,13.16666666666667,1530701009,SE,141.0,2.0,2.0,0.0
11.11111111111111,0.0,87.0,1012.5262147000001,13.222222222222221,1530701910,SW,228.0,1.0,0.0,0.0
11.11111111111111,0.0,87.0,1012.5262147000001,13.277777777777777,1530702811,WSW,250.0,4.0,3.0,0.0
11.11111111111111,0.0,87.0,1012.5262147000001,13.277777777777777,1530703712,South,170.0,3.0,0.0,0.0
11.11111111111111,0.0,86.0,1012.5262147000001,13.222222222222221,1530704613,South,170.0,0.0,0.0,0.0
11.11111111111111,0.0,87.0,1012.8648522300001,13.222222222222221,1530705514,South,174.0,0.0,0.0,0.0
11.11111111111111,0.0,86.0,1012.8648522300001,13.277777777777777,1530706416,WSW,237.0,1.0,0.0,0.0
11.11111111111111,0.0,86.0,1013.2034897600001,13.277777777777777,1530707317,SSE,167.0,1.0,0.0,0.0
11.11111111111111,0.0,85.0,1013.2034897600001,13.277777777777777,1530708218,SW,219.0,2.0,0.0,0.0
10.555555555555555,0.0,85.0,1013.54212729,13.222222222222221,1530709121,SE,129.0,1.0,0.0,0.0
10.555555555555555,0.0,85.0,1013.54212729,13.16666666666667,1530710022,South,190.0,3.0,0.0,0.0
10.555555555555555,0.0,85.0,1013.8807648200001,13.222222222222221,1530710925,SW,224.0,4.0,1.0,0.0
11.11111111111111,0.0,85.0,1014.2194023500001,13.277777777777777,1530711828,SE,130.0,3.0,0.0,0.0
10.555555555555555,0.0,84.0,1014.2194023500001,13.388888888888891,1530712729,SSE,165.0,6.0,0.0,0.0
11.11111111111111,0.0,84.0,1014.5580398800001,13.499999999999998,1530713630,SE,143.0,4.0,4.0,0.0
11.11111111111111,0.0,84.0,1014.5580398800001,13.555555555555555,1530714532,ESE,106.0,3.0,0.0,0.0
10.555555555555555,0.0,83.0,1014.89667741,13.611111111111112,1530715434,SE,139.0,5.0,1.0,0.0
11.11111111111111,0.0,83.0,1014.89667741,13.777777777777777,1530716337,South,191.0,5.0,1.0,0.0
11.11111111111111,0.0,83.0,1014.89667741,13.833333333333334,1530717238,SE,136.0,7.0,3.0,0.0
11.11111111111111,0.0,82.0,1015.2353149400001,14.11111111111111,1530718141,SW,224.0,7.0,3.0,0.0
11.11111111111111,0.0,80.0,1015.2353149400001,14.333333333333332,1530719043,West,260.0,7.0,4.0,0.0
11.11111111111111,0.0,80.0,1015.57395247,14.444444444444445,1530719945,SSW,200.0,8.0,3.0,0.0
11.11111111111111,0.0,79.0,1015.9125900000001,14.61111111111111,1530720847,SSW,212.0,9.0,1.0,0.0
11.11111111111111,0.0,78.0,1015.9125900000001,14.833333333333336,1530721750,South,172.0,8.0,2.0,0.0
11.11111111111111,0.0,78.0,1015.9125900000001,14.833333333333336,1530722651,South,175.0,9.0,4.0,0.0
11.11111111111111,0.0,77.0,1015.9125900000001,15.055555555555557,1530723552,SW,223.0,8.0,4.0,0.0
11.11111111111111,0.0,77.0,1015.9125900000001,15.166666666666666,1530724454,SSW,193.0,9.0,3.0,0.0
11.11111111111111,0.0,75.0,1016.2512275300002,15.555555555555557,1530725358,SW,216.0,8.0,3.0,0.0
11.666666666666668,0.0,74.0,1016.2512275300002,16.055555555555557,1530726262,SSW,200.0,7.0,3.0,0.0
11.11111111111111,0.0,71.0,1016.5898650600001,16.61111111111111,1530727165,SW,226.0,12.0,7.0,0.0
11.666666666666668,0.0,71.0,1016.2512275300002,16.944444444444446,1530728067,SSE,159.0,7.0,7.0,0.0
11.666666666666668,0.0,68.0,1016.2512275300002,17.833333333333332,1530728971,South,188.0,8.0,6.0,0.0
12.222222222222223,0.0,67.0,1016.5898650600001,18.277777777777782,1530729874,SSW,212.0,9.0,1.0,0.0
12.222222222222223,0.0,66.0,1016.5898650600001,18.722222222222225,1530730776,SE,141.0,11.0,9.0,0.0
12.222222222222223,0.0,64.0,1016.5898650600001,19.000000000000004,1530731678,SSE,165.0,11.0,7.0,0.0
12.222222222222223,0.0,64.0,1016.2512275300002,19.166666666666668,1530732580,SW,231.0,9.0,4.0,0.0
12.222222222222223,0.0,64.0,1016.2512275300002,19.499999999999996,1530733483,South,175.0,8.0,4.0,0.0
12.222222222222223,0.0,62.0,1016.5898650600001,19.72222222222222,1530734384,SW,225.0,12.0,4.0,0.0
12.222222222222223,0.0,63.0,1016.5898650600001,19.72222222222222,1530735284,WSW,237.0,9.0,5.0,0.0
12.222222222222223,0.0,62.0,1016.5898650600001,19.66666666666667,1530736185,North,11.0,10.0,1.0,0.0
12.222222222222223,0.0,62.0,1016.2512275300002,20.055555555555554,1530737086,SSW,208.0,9.0,7.0,0.0
12.777777777777779,0.0,63.0,1016.5898650600001,19.94444444444445,1530737987,SSW,204.0,9.0,0.0,0.0
13.333333333333334,0.0,63.0,1016.5898650600001,20.444444444444443,1530738889,West,259.0,4.0,0.0,0.0
12.777777777777779,0.0,62.0,1016.5898650600001,20.166666666666664,1530739791,SW,219.0,10.0,0.0,0.0
12.222222222222223,0.0,63.0,1016.5898650600001,19.61111111111111,1530740691,WSW,240.0,10.0,0.0,0.0
12.777777777777779,0.0,65.0,1016.5898650600001,19.66666666666667,1530741592,SW,217.0,9.0,3.0,0.0
12.222222222222223,0.0,64.0,1016.5898650600001,19.499999999999996,1530742494,SSW,197.0,9.0,4.0,0.0
12.777777777777779,0.0,65.0,1016.2512275300002,19.499999999999996,1530743395,SW,217.0,6.0,0.0,0.0
12.777777777777779,0.0,64.0,1016.2512275300002,19.555555555555557,1530744296,SSE,165.0,7.0,3.0,0.0
12.777777777777779,0.0,63.0,1015.9125900000001,20.222222222222225,1530745197,West,259.0,3.0,0.0,0.0
12.777777777777779,0.0,63.0,1015.9125900000001,19.833333333333336,1530746098,South,184.0,10.0,0.0,0.0
12.222222222222223,0.0,63.0,1015.9125900000001,19.499999999999996,1530747000,SW,222.0,7.0,3.0,0.0
12.222222222222223,0.0,64.0,1015.9125900000001,19.333333333333332,1530747901,SW,222.0,7.0,0.0,0.0
12.222222222222223,0.0,63.0,1015.57395247,19.444444444444446,1530748801,SE,139.0,5.0,0.0,0.0
12.222222222222223,0.0,64.0,1015.57395247,19.111111111111114,1530749762,SSE,160.0,7.0,2.0,0.0
12.222222222222223,0.0,63.0,1015.57395247,19.444444444444446,1530750603,WSW,244.0,6.0,5.0,0.0
12.222222222222223,0.0,64.0,1015.57395247,19.111111111111114,1530751504,SSW,195.0,10.0,0.0,0.0
12.222222222222223,0.0,66.0,1015.57395247,18.61111111111111,1530752404,SSW,202.0,7.0,4.0,0.0
12.777777777777779,0.0,66.0,1015.2353149400001,19.055555555555554,1530753304,SW,224.0,6.0,0.0,0.0
12.222222222222223,0.0,66.0,1015.57395247,18.666666666666664,1530754205,SSE,158.0,6.0,4.0,0.0
12.222222222222223,0.0,68.0,1015.57395247,18.055555555555557,1530755106,South,191.0,6.0,6.0,0.0
11.666666666666668,0.0,71.0,1015.57395247,17.22222222222222,1530756006,WSW,252.0,6.0,1.0,0.0
11.666666666666668,0.0,73.0,1015.9125900000001,16.555555555555554,1530756907,SE,138.0,4.0,0.0,0.0
11.666666666666668,0.0,74.0,1015.9125900000001,16.166666666666668,1530757809,North,4.0,3.0,0.0,0.0
11.11111111111111,0.0,76.0,1015.9125900000001,15.444444444444443,1530758770,SSW,204.0,5.0,0.0,0.0
11.11111111111111,0.0,77.0,1015.9125900000001,15.111111111111112,1530759610,SW,222.0,4.0,4.0,0.0
11.11111111111111,0.0,78.0,1016.2512275300002,14.666666666666666,1530760511,West,274.0,3.0,0.0,0.0
11.11111111111111,0.0,80.0,1016.2512275300002,14.222222222222223,1530761411,SSE,167.0,6.0,1.0,0.0
10.555555555555555,0.0,81.0,1016.2512275300002,13.88888888888889,1530762312,SW,218.0,3.0,3.0,0.0
10.555555555555555,0.0,82.0,1016.2512275300002,13.777777777777777,1530763212,West,263.0,4.0,2.0,0.0
10.555555555555555,0.0,84.0,1016.5898650600001,13.277777777777777,1530764113,WSW,238.0,1.0,0.0,0.0
10.555555555555555,0.0,84.0,1016.9285025900001,13.16666666666667,1530765014,SE,139.0,2.0,0.0,0.0
10.555555555555555,0.0,85.0,1017.26714012,13.055555555555555,1530765915,SW,219.0,6.0,2.0,0.0
10.555555555555555,0.0,86.0,1017.26714012,12.833333333333334,1530766816,SE,143.0,7.0,6.0,0.0
10.555555555555555,0.0,86.0,1017.26714012,12.833333333333334,1530767718,SSE,155.0,8.0,3.0,0.0
10.555555555555555,0.0,86.0,1017.26714012,12.777777777777779,1530768620,SSE,162.0,6.0,2.0,0.0
10.555555555555555,0.0,87.0,1017.26714012,12.611111111111112,1530769520,ESE,120.0,5.0,3.0,0.0
10.555555555555555,0.0,87.0,1017.26714012,12.611111111111112,1530770420,SSE,161.0,7.0,6.0,0.0
10.555555555555555,0.0,87.0,1017.26714012,12.611111111111112,1530771324,South,174.0,7.0,2.0,0.0
10.555555555555555,0.0,88.0,1017.60577765,12.444444444444445,1530772224,SW,218.0,8.0,3.0,0.0
10.555555555555555,0.0,88.0,1017.60577765,12.388888888888888,1530773127,SE,139.0,6.0,4.0,0.0
10.555555555555555,0.0,88.0,1017.60577765,12.277777777777779,1530774028,SSW,195.0,7.0,4.0,0.0
10.555555555555555,0.0,89.0,1017.9444151800001,12.222222222222223,1530774930,SSE,159.0,5.0,3.0,0.0
10.555555555555555,0.0,89.0,1017.9444151800001,12.166666666666666,1530775832,SW,227.0,5.0,3.0,0.0
10.555555555555555,0.0,90.0,1017.9444151800001,12.166666666666666,1530776733,SSW,206.0,4.0,0.0,0.0
10.555555555555555,0.0,89.0,1018.2830527100001,12.166666666666666,1530777635,South,186.0,6.0,4.0,0.0
10.555555555555555,0.0,90.0,1018.2830527100001,12.11111111111111,1530778537,SW,220.0,8.0,0.0,0.0
10.555555555555555,0.0,90.0,1018.2830527100001,12.11111111111111,1530779438,SSE,163.0,6.0,2.0,0.0
10.555555555555555,0.0,90.0,1018.2830527100001,11.88888888888889,1530780340,SSE,165.0,7.0,4.0,0.0
10.555555555555555,0.0,91.0,1017.9444151800001,11.833333333333332,1530781241,SSE,165.0,4.0,3.0,0.0
10.555555555555555,0.0,91.0,1017.9444151800001,11.77777777777778,1530782143,South,169.0,5.0,3.0,0.0
10.555555555555555,0.0,91.0,1017.9444151800001,11.77777777777778,1530783044,SE,134.0,7.0,1.0,0.0
10.555555555555555,0.0,92.0,1017.9444151800001,11.833333333333332,1530783946,ENE,77.0,5.0,0.0,0.0
10.555555555555555,0.0,92.0,1017.9444151800001,11.833333333333332,1530784846,SW,232.0,5.0,2.0,0.0
10.555555555555555,0.0,92.0,1017.9444151800001,11.77777777777778,1530785747,SW,225.0,6.0,0.0,0.0
10.555555555555555,0.0,92.0,1017.9444151800001,11.833333333333332,1530786648,South,186.0,4.0,0.0,0.0
10.555555555555555,0.0,92.0,1017.9444151800001,11.88888888888889,1530787550,SE,136.0,9.0,3.0,0.0
10.0,0.0,91.0,1018.2830527100001,11.277777777777777,1530788451,WSW,256.0,1.0,0.0,0.0
10.0,0.0,92.0,1018.2830527100001,11.055555555555555,1530789353,NW,309.0,0.0,0.0,0.0
10.555555555555555,0.0,94.0,1018.62169024,11.500000000000002,1530790256,SW,231.0,6.0,0.0,0.0
10.555555555555555,0.0,93.0,1018.62169024,11.61111111111111,1530791158,SSE,165.0,3.0,0.0,0.0
10.555555555555555,0.0,93.0,1018.96032777,11.61111111111111,1530792058,WSW,255.0,6.0,2.0,0.0
10.555555555555555,0.0,93.0,1018.96032777,11.666666666666668,1530792960,ESE,122.0,2.0,0.0,0.0
10.555555555555555,0.0,92.0,1018.62169024,11.555555555555555,1530793861,SSW,209.0,6.0,3.0,0.0
10.0,0.0,92.0,1018.96032777,11.333333333333334,1530794764,SW,217.0,7.0,3.0,0.0
10.0,0.0,92.0,1018.96032777,11.222222222222225,1530795665,SSW,198.0,5.0,1.0,0.0
10.0,0.0,92.0,1019.2989653000001,11.11111111111111,1530796567,South,185.0,2.0,0.0,0.0
10.0,0.0,92.0,1019.2989653000001,10.999999999999998,1530797468,SW,217.0,1.0,0.0,0.0
10.0,0.0,93.0,1019.2989653000001,11.11111111111111,1530798370,SW,233.0,3.0,0.0,0.0
10.555555555555555,0.0,93.0,1019.6376028300001,11.333333333333334,1530799271,SSE,150.0,5.0,2.0,0.0
10.555555555555555,0.0,92.0,1019.6376028300001,11.555555555555555,1530800173,SSE,155.0,0.0,0.0,0.0
10.555555555555555,0.0,92.0,1019.9762403600001,11.833333333333332,1530801075,SE,129.0,3.0,0.0,0.0
11.11111111111111,0.0,91.0,1019.9762403600001,12.277777777777779,1530801976,SE,145.0,2.0,1.0,0.0
11.11111111111111,0.0,88.0,1020.31487789,12.888888888888891,1530802880,SE,134.0,6.0,3.0,0.0
11.11111111111111,0.0,86.0,1020.31487789,13.388888888888891,1530803783,SSE,162.0,7.0,3.0,0.0
11.666666666666668,0.0,83.0,1020.31487789,14.27777777777778,1530804688,SSE,164.0,5.0,3.0,0.0
11.666666666666668,0.0,80.0,1020.6535154200001,15.166666666666666,1530805592,SSE,162.0,4.0,3.0,0.0
12.222222222222223,0.0,76.0,1020.6535154200001,16.222222222222225,1530806497,SW,222.0,5.0,2.0,0.0
12.222222222222223,0.0,72.0,1020.6535154200001,17.22222222222222,1530807401,ESE,113.0,2.0,0.0,0.0
12.222222222222223,0.0,68.0,1020.31487789,18.333333333333336,1530808306,SSW,200.0,2.0,0.0,0.0
12.222222222222223,0.0,66.0,1020.31487789,18.944444444444443,1530809209,SSW,206.0,4.0,1.0,0.0
12.777777777777779,0.0,64.0,1019.9762403600001,19.61111111111111,1530810113,SE,136.0,4.0,2.0,0.0
13.333333333333334,0.0,62.0,1019.9762403600001,20.833333333333336,1530811017,West,281.0,3.0,0.0,0.0
12.777777777777779,0.0,56.0,1020.31487789,21.833333333333332,1530811921,SSE,156.0,4.0,3.0,0.0
12.222222222222223,0.0,52.0,1020.31487789,22.555555555555554,1530812825,SSE,167.0,3.0,1.0,0.0
12.222222222222223,0.0,50.0,1020.31487789,23.444444444444446,1530813729,SSW,213.0,3.0,0.0,0.0
13.333333333333334,0.0,51.0,1020.6535154200001,23.88888888888889,1530814631,SSW,194.0,6.0,3.0,0.0
12.777777777777779,0.0,50.0,1020.6535154200001,24.000000000000004,1530815533,SE,137.0,4.0,2.0,0.0
13.333333333333334,0.0,50.0,1020.6535154200001,24.555555555555557,1530816435,SW,233.0,4.0,0.0,0.0
13.88888888888889,0.0,50.0,1020.6535154200001,24.777777777777775,1530817337,SSW,201.0,6.0,2.0,0.0
12.777777777777779,0.0,49.0,1020.99215295,24.444444444444446,1530818239,SSW,210.0,7.0,4.0,0.0
12.222222222222223,0.0,48.0,1020.99215295,24.22222222222222,1530819140,WSW,238.0,7.0,3.0,0.0
12.222222222222223,0.0,46.0,1020.99215295,24.61111111111111,1530820040,SSW,203.0,8.0,4.0,0.0
12.222222222222223,0.0,45.0,1020.6535154200001,25.27777777777778,1530820942,SW,224.0,6.0,1.0,0.0
10.555555555555555,0.0,38.0,1020.6535154200001,26.222222222222225,1530821846,SSW,209.0,4.0,0.0,0.0
12.222222222222223,0.0,41.0,1020.6535154200001,26.72222222222222,1530822749,SSW,200.0,6.0,2.0,0.0
11.666666666666668,0.0,40.0,1020.6535154200001,26.611111111111114,1530823650,South,190.0,7.0,5.0,0.0
12.222222222222223,0.0,44.0,1020.99215295,25.61111111111111,1530824551,SW,224.0,11.0,3.0,0.0
12.222222222222223,0.0,44.0,1020.6535154200001,25.666666666666668,1530825451,SW,221.0,8.0,4.0,0.0
12.222222222222223,0.0,42.0,1020.6535154200001,26.0,1530826352,SSW,193.0,9.0,6.0,0.0
11.11111111111111,0.0,40.0,1020.6535154200001,26.0,1530827253,SW,221.0,8.0,4.0,0.0
11.11111111111111,0.0,38.0,1020.31487789,26.777777777777782,1530828155,WSW,239.0,7.0,3.0,0.0
9.444444444444445,0.0,32.0,1020.31487789,27.722222222222225,1530829056,West,266.0,4.0,0.0,0.0
9.444444444444445,0.0,29.0,1020.31487789,29.22222222222222,1530829961,West,274.0,3.0,0.0,0.0
10.0,0.0,29.0,1020.31487789,29.555555555555557,1530830864,NW,326.0,5.0,0.0,0.0
9.444444444444445,0.0,28.0,1020.31487789,29.66666666666667,1530831767,NW,325.0,5.0,3.0,0.0
10.555555555555555,0.0,30.0,1019.9762403600001,29.61111111111111,1530832667,West,279.0,6.0,0.0,0.0
9.444444444444445,0.0,28.0,1019.9762403600001,29.61111111111111,1530833568,West,275.0,8.0,0.0,0.0
10.0,0.0,28.0,1019.9762403600001,30.222222222222225,1530834471,West,268.0,4.0,0.0,0.0
10.555555555555555,0.0,29.0,1019.6376028300001,30.555555555555557,1530835375,West,265.0,3.0,1.0,0.0
11.666666666666668,0.0,31.0,1019.6376028300001,30.61111111111111,1530836276,NW,318.0,2.0,0.0,0.0
11.666666666666668,0.0,31.0,1019.9762403600001,30.555555555555557,1530837178,NW,309.0,3.0,0.0,0.0
12.222222222222223,0.0,32.0,1019.6376028300001,30.61111111111111,1530838079,WNW,285.0,3.0,0.0,0.0
13.333333333333334,0.0,40.0,1019.9762403600001,28.333333333333336,1530838980,South,191.0,5.0,4.0,0.0
12.777777777777779,0.0,48.0,1019.9762403600001,24.388888888888893,1530839881,SSW,212.0,12.0,5.0,0.0
13.333333333333334,0.0,53.0,1019.9762403600001,23.5,1530840782,SW,217.0,9.0,4.0,0.0
12.777777777777779,0.0,57.0,1020.31487789,21.833333333333332,1530841683,SSW,198.0,13.0,6.0,0.0
12.222222222222223,0.0,59.0,1020.31487789,20.500000000000004,1530842584,SSE,148.0,13.0,3.0,0.0
10.555555555555555,0.0,55.0,1020.6535154200001,20.0,1530843485,SSE,157.0,9.0,5.0,0.0
11.11111111111111,0.0,55.0,1020.6535154200001,20.333333333333332,1530844386,SSW,208.0,5.0,0.0,0.0
11.11111111111111,0.0,54.0,1020.6535154200001,20.72222222222222,1530845290,SW,215.0,4.0,0.0,0.0
11.666666666666668,0.0,55.0,1020.6535154200001,21.0,1530846191,SW,221.0,1.0,0.0,0.0
12.222222222222223,0.0,58.0,1020.6535154200001,21.0,1530847091,WSW,251.0,0.0,0.0,0.0
12.222222222222223,0.0,59.0,1020.6535154200001,20.555555555555557,1530847991,WSW,251.0,0.0,0.0,0.0
12.222222222222223,0.0,62.0,1020.6535154200001,19.833333333333336,1530848891,WSW,251.0,1.0,0.0,0.0
12.222222222222223,0.0,64.0,1020.99215295,19.388888888888893,1530849791,WSW,251.0,0.0,0.0,0.0
12.222222222222223,0.0,65.0,1020.99215295,19.055555555555554,1530850693,North,356.0,2.0,0.0,0.0
12.222222222222223,0.0,65.0,1021.3307904800001,19.055555555555554,1530851594,WSW,252.0,2.0,0.0,0.0
12.222222222222223,0.0,67.0,1021.3307904800001,18.666666666666664,1530852495,West,262.0,4.0,0.0,0.0
12.222222222222223,0.0,69.0,1021.6694280100002,18.111111111111107,1530853398,North,352.0,3.0,0.0,0.0
11.666666666666668,0.0,70.0,1022.0080655400001,17.444444444444443,1530854300,North,352.0,0.0,0.0,0.0
11.666666666666668,0.0,71.0,1022.0080655400001,16.944444444444446,1530855201,North,352.0,0.0,0.0,0.0
11.666666666666668,0.0,72.0,1022.0080655400001,16.500000000000004,1530856101,NNE,14.0,0.0,0.0,0.0
11.666666666666668,0.0,74.0,1021.6694280100002,16.11111111111111,1530857001,NNE,14.0,0.0,0.0,0.0
11.666666666666668,0.0,76.0,1021.6694280100002,15.888888888888891,1530857902,NNE,15.0,0.0,0.0,0.0
11.666666666666668,0.0,76.0,1021.6694280100002,15.833333333333334,1530858802,NNE,18.0,0.0,0.0,0.0
11.666666666666668,0.0,77.0,1021.3307904800001,15.722222222222221,1530859703,NNE,18.0,0.0,0.0,0.0
11.666666666666668,0.0,77.0,1021.6694280100002,15.611111111111112,1530860604,ESE,109.0,0.0,0.0,0.0
11.666666666666668,0.0,77.0,1021.3307904800001,15.444444444444443,1530861506,ESE,109.0,0.0,0.0,0.0
11.11111111111111,0.0,78.0,1021.3307904800001,15.111111111111112,1530862408,ESE,109.0,0.0,0.0,0.0
11.11111111111111,0.0,79.0,1021.3307904800001,14.888888888888888,1530863310,ESE,109.0,0.0,0.0,0.0
11.666666666666668,0.0,80.0,1021.3307904800001,14.833333333333336,1530864211,ESE,109.0,0.0,0.0,0.0
11.11111111111111,0.0,80.0,1021.3307904800001,14.666666666666666,1530865113,ESE,109.0,0.0,0.0,0.0
11.11111111111111,0.0,80.0,1021.3307904800001,14.666666666666666,1530866013,ESE,109.0,0.0,0.0,0.0
11.11111111111111,0.0,80.0,1021.3307904800001,14.666666666666666,1530866914,ESE,109.0,0.0,0.0,0.0
11.11111111111111,0.0,80.0,1020.99215295,14.500000000000002,1530867816,ESE,109.0,0.0,0.0,0.0
11.11111111111111,0.0,80.0,1020.99215295,14.444444444444445,1530868717,ESE,109.0,0.0,0.0,0.0
11.11111111111111,0.0,80.0,1020.6535154200001,14.38888888888889,1530869618,ESE,109.0,0.0,0.0,0.0
11.11111111111111,0.0,80.0,1020.6535154200001,14.444444444444445,1530870520,ESE,109.0,0.0,0.0,0.0
11.11111111111111,0.0,79.0,1020.31487789,14.61111111111111,1530871420,ESE,109.0,0.0,0.0,0.0
11.11111111111111,0.0,78.0,1020.31487789,14.833333333333336,1530872322,ESE,115.0,1.0,0.0,0.0
11.11111111111111,0.0,78.0,1019.9762403600001,14.944444444444445,1530873224,ESE,115.0,0.0,0.0,0.0
11.11111111111111,0.0,77.0,1019.9762403600001,15.111111111111112,1530874125,ESE,115.0,1.0,0.0,0.0
11.11111111111111,0.0,77.0,1019.6376028300001,15.166666666666666,1530875027,ESE,115.0,1.0,0.0,0.0
11.11111111111111,0.0,77.0,1019.9762403600001,15.277777777777779,1530875927,ESE,115.0,0.0,0.0,0.0
11.11111111111111,0.0,77.0,1019.9762403600001,15.388888888888891,1530876828,ESE,115.0,0.0,0.0,0.0
11.11111111111111,0.0,76.0,1019.6376028300001,15.388888888888891,1530877729,ESE,115.0,0.0,0.0,0.0
11.11111111111111,0.0,76.0,1019.2989653000001,15.444444444444443,1530878631,ESE,115.0,0.0,0.0,0.0
11.11111111111111,0.0,77.0,1019.2989653000001,15.388888888888891,1530879533,ESE,115.0,0.0,0.0,0.0
11.666666666666668,0.0,77.0,1019.6376028300001,15.611111111111112,1530880434,ESE,115.0,1.0,0.0,0.0
11.666666666666668,0.0,77.0,1019.9762403600001,15.555555555555557,1530881334,ESE,115.0,0.0,0.0,0.0
11.666666666666668,0.0,77.0,1020.31487789,15.833333333333334,1530882235,SE,140.0,1.0,0.0,0.0
11.666666666666668,0.0,77.0,1020.31487789,15.833333333333334,1530883136,ESE,105.0,0.0,0.0,0.0
11.666666666666668,0.0,78.0,1020.6535154200001,15.722222222222221,1530884037,SE,138.0,1.0,0.0,0.0
11.666666666666668,0.0,77.0,1020.6535154200001,15.944444444444446,1530884939,SE,138.0,1.0,0.0,0.0
11.666666666666668,0.0,75.0,1020.99215295,16.333333333333332,1530885841,SE,139.0,1.0,0.0,0.0
12.222222222222223,0.0,76.0,1020.6535154200001,16.555555555555554,1530886743,SE,139.0,0.0,0.0,0.0
12.222222222222223,0.0,76.0,1020.6535154200001,16.722222222222225,1530887644,SE,139.0,0.0,0.0,0.0
12.777777777777779,0.0,75.0,1020.99215295,16.944444444444446,1530888546,SE,139.0,0.0,0.0,0.0
12.777777777777779,0.0,74.0,1020.6535154200001,17.333333333333336,1530889449,WSW,252.0,1.0,0.0,0.0
12.777777777777779,0.0,73.0,1020.6535154200001,17.77777777777778,1530890353,WSW,252.0,0.0,0.0,0.0
13.333333333333334,0.0,72.0,1020.99215295,18.55555555555556,1530891256,WSW,255.0,0.0,0.0,0.0
13.88888888888889,0.0,70.0,1020.99215295,19.444444444444446,1530892161,SE,133.0,2.0,0.0,0.0
13.88888888888889,0.0,66.0,1020.6535154200001,20.388888888888893,1530893065,SE,133.0,0.0,0.0,0.0
13.333333333333334,0.0,63.0,1020.99215295,20.777777777777782,1530893966,SE,133.0,1.0,0.0,0.0
13.88888888888889,0.0,62.0,1020.6535154200001,21.444444444444443,1530894871,SE,133.0,0.0,0.0,0.0
13.88888888888889,0.0,61.0,1020.31487789,21.77777777777778,1530895775,West,269.0,1.0,0.0,0.0
13.333333333333334,0.0,60.0,1020.99215295,21.666666666666668,1530896675,SSE,161.0,0.0,0.0,0.0
13.333333333333334,0.0,60.0,1020.31487789,21.666666666666668,1530897575,SSE,161.0,1.0,0.0,0.0
13.333333333333334,0.0,59.0,1020.6535154200001,21.77777777777778,1530898478,SSE,162.0,0.0,0.0,0.0
13.333333333333334,0.0,58.0,1020.31487789,22.16666666666667,1530899380,SSE,162.0,0.0,0.0,0.0
12.777777777777779,0.0,53.0,1020.99215295,22.666666666666668,1530900343,NNE,17.0,2.0,0.0,0.0
12.777777777777779,0.0,51.0,1020.6535154200001,23.444444444444446,1530901187,WSW,252.0,2.0,0.0,0.0
12.222222222222223,0.0,48.0,1020.99215295,23.944444444444443,1530902090,North,5.0,2.0,0.0,0.0
12.777777777777779,0.0,47.0,1020.99215295,24.66666666666667,1530902994,West,265.0,3.0,0.0,0.0
11.666666666666668,0.0,40.0,1020.6535154200001,26.33333333333334,1530903899,NW,321.0,3.0,1.0,0.0
12.222222222222223,0.0,38.0,1020.6535154200001,27.722222222222225,1530904804,NNW,332.0,3.0,0.0,0.0
12.222222222222223,0.0,37.0,1020.31487789,28.5,1530905707,West,260.0,3.0,0.0,0.0
12.222222222222223,0.0,35.0,1020.31487789,29.055555555555554,1530906611,West,268.0,4.0,1.0,0.0
11.666666666666668,0.0,33.0,1020.31487789,29.777777777777775,1530907510,West,262.0,4.0,2.0,0.0
11.666666666666668,0.0,32.0,1019.9762403600001,30.27777777777778,1530908416,WNW,292.0,3.0,0.0,0.0
11.11111111111111,0.0,29.0,1019.6376028300001,30.833333333333336,1530909319,WSW,243.0,5.0,3.0,0.0
11.666666666666668,0.0,29.0,1019.2989653000001,31.500000000000004,1530910220,WSW,256.0,6.0,0.0,0.0
11.666666666666668,0.0,28.0,1019.6376028300001,32.55555555555556,1530911123,WSW,255.0,3.0,0.0,0.0
11.11111111111111,0.0,27.0,1019.6376028300001,32.666666666666664,1530912025,NW,311.0,3.0,0.0,0.0
10.555555555555555,0.0,25.0,1019.2989653000001,33.05555555555556,1530912926,West,274.0,5.0,1.0,0.0
8.88888888888889,0.0,22.0,1018.96032777,33.44444444444445,1530913829,WSW,257.0,4.0,2.0,0.0
10.0,0.0,24.0,1018.96032777,32.83333333333333,1530914732,WSW,243.0,8.0,2.0,0.0
9.444444444444445,0.0,23.0,1018.62169024,33.333333333333336,1530915636,NW,320.0,5.0,1.0,0.0
10.555555555555555,0.0,25.0,1018.62169024,33.11111111111111,1530916537,NNW,327.0,8.0,0.0,0.0
10.555555555555555,0.0,24.0,1018.2830527100001,33.55555555555556,1530917441,West,273.0,4.0,2.0,0.0
10.0,0.0,23.0,1018.2830527100001,33.55555555555556,1530918344,NW,317.0,7.0,5.0,0.0
9.444444444444445,0.0,23.0,1018.2830527100001,32.88888888888889,1530919246,NNE,16.0,8.0,5.0,0.0
11.666666666666668,0.0,27.0,1017.9444151800001,33.22222222222222,1530920149,West,266.0,4.0,2.0,0.0
12.222222222222223,0.0,28.0,1017.9444151800001,33.22222222222222,1530921052,West,269.0,4.0,1.0,0.0
11.666666666666668,0.0,27.0,1017.9444151800001,33.05555555555556,1530921953,NW,305.0,7.0,1.0,0.0
11.666666666666668,0.0,28.0,1017.60577765,32.388888888888886,1530922854,NE,39.0,5.0,2.0,0.0
11.11111111111111,0.0,27.0,1017.60577765,32.611111111111114,1530923756,West,274.0,4.0,2.0,0.0
10.555555555555555,0.0,26.0,1017.60577765,32.55555555555556,1530924659,West,274.0,3.0,0.0,0.0
10.0,0.0,26.0,1017.60577765,31.944444444444446,1530925560,West,262.0,4.0,0.0,0.0
11.11111111111111,0.0,28.0,1017.26714012,31.444444444444443,1530926462,West,264.0,4.0,0.0,0.0
11.11111111111111,0.0,30.0,1017.60577765,30.61111111111111,1530927363,WNW,303.0,6.0,0.0,0.0
10.0,0.0,31.0,1017.60577765,28.77777777777778,1530928264,North,353.0,4.0,0.0,0.0
10.0,0.0,33.0,1017.60577765,27.888888888888893,1530929164,NNW,340.0,1.0,0.0,0.0
10.555555555555555,0.0,34.0,1017.60577765,28.055555555555557,1530930065,WNW,289.0,3.0,0.0,0.0
10.555555555555555,0.0,35.0,1017.60577765,27.222222222222225,1530930987,West,259.0,1.0,0.0,0.0
10.555555555555555,0.0,37.0,1017.60577765,26.444444444444443,1530931888,WSW,242.0,0.0,0.0,0.0
10.555555555555555,0.0,38.0,1017.60577765,25.944444444444446,1530932789,WSW,246.0,0.0,0.0,0.0
10.555555555555555,0.0,39.0,1017.60577765,25.388888888888893,1530933689,WSW,246.0,0.0,0.0,0.0
10.0,0.0,39.0,1017.60577765,24.66666666666667,1530934590,WSW,246.0,0.0,0.0,0.0
11.11111111111111,0.0,44.0,1017.60577765,24.000000000000004,1530935491,WSW,248.0,1.0,0.0,0.0
10.555555555555555,0.0,45.0,1017.60577765,23.000000000000004,1530936392,WSW,248.0,0.0,0.0,0.0
10.555555555555555,0.0,48.0,1017.60577765,22.38888888888889,1530937292,WSW,248.0,0.0,0.0,0.0
11.11111111111111,0.0,51.0,1017.60577765,21.500000000000004,1530938191,WSW,248.0,0.0,0.0,0.0
10.555555555555555,0.0,53.0,1017.60577765,20.777777777777782,1530939093,WSW,248.0,0.0,0.0,0.0
10.555555555555555,0.0,55.0,1017.9444151800001,20.222222222222225,1530939995,WSW,248.0,0.0,0.0,0.0
10.555555555555555,0.0,56.0,1017.9444151800001,19.66666666666667,1530940895,WSW,248.0,0.0,0.0,0.0
10.555555555555555,0.0,58.0,1017.9444151800001,19.333333333333332,1530941795,WSW,248.0,0.0,0.0,0.0
10.555555555555555,0.0,59.0,1017.9444151800001,18.833333333333336,1530942697,WSW,248.0,0.0,0.0,0.0
10.555555555555555,0.0,61.0,1017.9444151800001,18.444444444444446,1530943594,WSW,248.0,0.0,0.0,0.0
10.555555555555555,0.0,62.0,1017.60577765,18.055555555555557,1530944496,WSW,248.0,0.0,0.0,0.0
10.555555555555555,0.0,63.0,1017.60577765,17.833333333333332,1530945395,WSW,248.0,0.0,0.0,0.0
10.555555555555555,0.0,65.0,1017.60577765,17.444444444444443,1530946297,WSW,248.0,0.0,0.0,0.0
10.555555555555555,0.0,66.0,1017.60577765,17.11111111111111,1530947200,WSW,248.0,0.0,0.0,0.0
11.11111111111111,0.0,68.0,1017.26714012,16.944444444444446,1530948102,ESE,110.0,1.0,0.0,0.0
11.11111111111111,0.0,68.0,1017.26714012,17.0,1530949004,ESE,110.0,1.0,0.0,0.0
11.11111111111111,0.0,68.0,1017.26714012,16.833333333333332,1530949906,ESE,110.0,0.0,0.0,0.0
10.555555555555555,0.0,69.0,1017.26714012,16.38888888888889,1530950810,ESE,110.0,0.0,0.0,0.0
10.555555555555555,0.0,70.0,1017.26714012,16.166666666666668,1530951711,ESE,110.0,0.0,0.0,0.0
10.555555555555555,0.0,71.0,1016.9285025900001,15.944444444444446,1530952612,ESE,110.0,0.0,0.0,0.0
10.555555555555555,0.0,71.0,1016.9285025900001,15.833333333333334,1530953514,ESE,110.0,0.0,0.0,0.0
10.555555555555555,0.0,72.0,1016.9285025900001,15.722222222222221,1530954417,SE,141.0,0.0,0.0,0.0
10.555555555555555,0.0,72.0,1016.9285025900001,15.66666666666667,1530955318,SE,140.0,0.0,0.0,0.0
10.555555555555555,0.0,73.0,1016.9285025900001,15.388888888888891,1530956219,SE,140.0,0.0,0.0,0.0
10.555555555555555,0.0,74.0,1016.9285025900001,15.222222222222221,1530957122,SE,141.0,0.0,0.0,0.0
10.555555555555555,0.0,75.0,1016.9285025900001,15.055555555555557,1530958025,SE,141.0,0.0,0.0,0.0
10.555555555555555,0.0,76.0,1016.9285025900001,15.0,1530958927,SE,140.0,0.0,0.0,0.0
10.555555555555555,0.0,77.0,1016.5898650600001,14.666666666666666,1530959830,SE,140.0,1.0,0.0,0.0
10.555555555555555,0.0,78.0,1016.9285025900001,14.555555555555557,1530960733,SE,134.0,1.0,0.0,0.0
10.555555555555555,0.0,78.0,1016.5898650600001,14.500000000000002,1530961633,SE,129.0,0.0,0.0,0.0
10.555555555555555,0.0,79.0,1016.9285025900001,14.222222222222223,1530962535,SE,129.0,0.0,0.0,0.0
10.555555555555555,0.0,79.0,1016.9285025900001,13.944444444444446,1530963437,SE,129.0,0.0,0.0,0.0
10.555555555555555,0.0,80.0,1016.9285025900001,13.88888888888889,1530964339,SE,129.0,0.0,0.0,0.0
10.555555555555555,0.0,81.0,1016.9285025900001,13.499999999999998,1530965241,SE,129.0,0.0,0.0,0.0
10.555555555555555,0.0,82.0,1016.9285025900001,13.388888888888891,1530966143,SE,129.0,0.0,0.0,0.0
10.0,0.0,82.0,1016.9285025900001,13.16666666666667,1530967046,SE,129.0,0.0,0.0,0.0
10.0,0.0,83.0,1016.9285025900001,12.888888888888891,1530967948,SE,130.0,0.0,0.0,0.0
10.0,0.0,84.0,1016.9285025900001,12.777777777777779,1530968851,SE,129.0,0.0,0.0,0.0
10.0,0.0,84.0,1017.26714012,12.833333333333334,1530969752,SE,129.0,0.0,0.0,0.0
11.11111111111111,0.0,86.0,1017.26714012,13.111111111111112,1530970654,SE,129.0,0.0,0.0,0.0
11.11111111111111,0.0,84.0,1017.60577765,13.611111111111112,1530971556,SE,129.0,0.0,0.0,0.0
11.11111111111111,0.0,83.0,1017.26714012,13.777777777777777,1530972457,SE,129.0,0.0,0.0,0.0
11.666666666666668,0.0,84.0,1017.26714012,14.555555555555557,1530973358,SE,129.0,0.0,0.0,0.0
12.777777777777779,0.0,80.0,1017.26714012,16.0,1530974258,SE,129.0,0.0,0.0,0.0
13.333333333333334,0.0,74.0,1017.26714012,18.111111111111107,1530975161,SE,129.0,0.0,0.0,0.0
12.777777777777779,0.0,64.0,1017.26714012,19.94444444444445,1530976064,SE,130.0,1.0,0.0,0.0
12.777777777777779,0.0,61.0,1017.26714012,20.888888888888886,1530976969,West,260.0,1.0,0.0,0.0
12.777777777777779,0.0,56.0,1016.9285025900001,22.333333333333336,1530977873,WSW,245.0,1.0,0.0,0.0
12.777777777777779,0.0,49.0,1017.26714012,24.388888888888893,1530978778,WSW,245.0,1.0,0.0,0.0
11.11111111111111,0.0,42.0,1017.26714012,24.88888888888889,1530979679,North,349.0,4.0,0.0,0.0
10.555555555555555,0.0,41.0,1016.9285025900001,24.833333333333336,1530980580,North,351.0,6.0,3.0,0.0
10.555555555555555,0.0,39.0,1016.9285025900001,25.72222222222222,1530981483,NNE,16.0,4.0,0.0,0.0
10.555555555555555,0.0,37.0,1016.9285025900001,26.38888888888889,1530982386,NNW,327.0,4.0,0.0,0.0
10.0,0.0,34.0,1016.9285025900001,27.11111111111111,1530983290,North,3.0,2.0,1.0,0.0
8.88888888888889,0.0,31.0,1016.9285025900001,27.666666666666668,1530984193,NW,320.0,3.0,0.0,0.0
8.333333333333334,0.0,29.0,1016.9285025900001,28.22222222222222,1530985098,NNW,329.0,5.0,1.0,0.0
8.333333333333334,0.0,28.0,1016.9285025900001,28.388888888888886,1530985998,NNW,348.0,7.0,2.0,0.0
7.777777777777779,0.0,26.0,1016.9285025900001,29.166666666666668,1530986904,North,354.0,5.0,0.0,0.0
7.777777777777779,0.0,24.0,1016.9285025900001,30.333333333333332,1530987809,West,267.0,3.0,0.0,0.0
4.444444444444445,0.0,19.0,1016.9285025900001,30.777777777777782,1530988711,WSW,250.0,4.0,0.0,0.0
3.8888888888888893,0.0,18.0,1016.9285025900001,30.888888888888886,1530989611,SSW,202.0,4.0,0.0,0.0
3.8888888888888893,0.0,17.0,1016.9285025900001,31.555555555555557,1530990515,West,265.0,2.0,0.0,0.0
3.3333333333333335,0.0,16.0,1016.9285025900001,31.888888888888893,1530991418,WSW,238.0,3.0,1.0,0.0
2.2222222222222223,0.0,15.0,1016.5898650600001,32.111111111111114,1530992320,NE,43.0,3.0,1.0,0.0
3.8888888888888893,0.0,16.0,1016.5898650600001,32.55555555555556,1530993222,WSW,248.0,2.0,0.0,0.0
4.444444444444445,0.0,17.0,1016.2512275300002,32.333333333333336,1530994124,WNW,285.0,5.0,0.0,0.0
1.1111111111111112,0.0,13.0,1015.9125900000001,32.88888888888889,1530995026,NW,317.0,5.0,0.0,0.0
3.3333333333333335,0.0,15.0,1015.9125900000001,33.11111111111111,1530995928,West,276.0,6.0,3.0,0.0
4.444444444444445,0.0,16.0,1015.9125900000001,33.333333333333336,1530996830,West,271.0,4.0,0.0,0.0
6.111111111111112,0.0,18.0,1015.9125900000001,33.77777777777778,1530997733,West,261.0,4.0,0.0,0.0
7.222222222222222,0.0,20.0,1015.57395247,33.11111111111111,1530998634,West,273.0,3.0,0.0,0.0
10.0,0.0,25.0,1015.57395247,32.111111111111114,1530999535,SSE,167.0,3.0,2.0,0.0
10.0,0.0,26.0,1015.57395247,31.72222222222222,1531000437,SSW,208.0,5.0,1.0,0.0
8.88888888888889,0.0,24.0,1015.2353149400001,31.72222222222222,1531001339,SE,143.0,8.0,4.0,0.0
8.88888888888889,0.0,24.0,1015.2353149400001,32.05555555555556,1531002239,West,271.0,7.0,3.0,0.0
9.444444444444445,0.0,25.0,1014.89667741,31.611111111111114,1531003141,WSW,247.0,4.0,1.0,0.0
10.0,0.0,28.0,1014.89667741,30.444444444444443,1531004042,SW,227.0,8.0,7.0,0.0
10.555555555555555,0.0,31.0,1014.89667741,29.277777777777782,1531004944,South,174.0,7.0,1.0,0.0
10.0,0.0,28.0,1014.5580398800001,30.166666666666668,1531005846,SSW,212.0,5.0,4.0,0.0
9.444444444444445,0.0,26.0,1014.5580398800001,31.0,1531006746,SSW,207.0,8.0,2.0,0.0
9.444444444444445,0.0,27.0,1014.2194023500001,30.555555555555557,1531007648,SW,230.0,8.0,4.0,0.0
10.0,0.0,30.0,1014.2194023500001,29.555555555555557,1531008549,SW,221.0,9.0,4.0,0.0
10.555555555555555,0.0,31.0,1014.2194023500001,29.333333333333332,1531009509,SW,227.0,10.0,1.0,0.0
10.0,0.0,30.0,1013.8807648200001,29.111111111111114,1531010351,SSW,196.0,7.0,1.0,0.0
10.555555555555555,0.0,32.0,1013.8807648200001,28.83333333333334,1531011252,WSW,247.0,6.0,3.0,0.0
10.555555555555555,0.0,32.0,1013.8807648200001,28.77777777777778,1531012155,WSW,245.0,9.0,1.0,0.0
11.11111111111111,0.0,34.0,1013.8807648200001,28.666666666666664,1531013055,SSW,207.0,6.0,2.0,0.0
11.11111111111111,0.0,35.0,1013.8807648200001,28.22222222222222,1531013956,SSE,155.0,5.0,4.0,0.0
11.11111111111111,0.0,37.0,1013.8807648200001,27.11111111111111,1531014857,SSW,203.0,5.0,2.0,0.0
11.666666666666668,0.0,40.0,1013.54212729,26.33333333333334,1531015757,West,260.0,5.0,0.0,0.0
12.222222222222223,0.0,43.0,1013.54212729,25.61111111111111,1531016659,SSW,213.0,5.0,2.0,0.0
11.666666666666668,0.0,44.0,1013.54212729,24.61111111111111,1531017559,SSW,210.0,7.0,0.0,0.0
11.666666666666668,0.0,47.0,1013.54212729,23.83333333333334,1531018460,SSE,164.0,6.0,1.0,0.0
11.11111111111111,0.0,47.0,1013.54212729,23.333333333333336,1531019362,SE,124.0,5.0,3.0,0.0
9.444444444444445,0.0,42.0,1013.54212729,23.055555555555557,1531020264,SW,225.0,5.0,1.0,0.0
9.444444444444445,0.0,42.0,1013.8807648200001,23.055555555555557,1531021165,South,169.0,5.0,0.0,0.0
10.0,0.0,44.0,1013.8807648200001,22.722222222222225,1531022065,SE,146.0,7.0,2.0,0.0
10.555555555555555,0.0,49.0,1013.8807648200001,21.944444444444446,1531022966,SSE,164.0,4.0,0.0,0.0
11.11111111111111,0.0,52.0,1013.8807648200001,21.27777777777778,1531023867,SSE,163.0,4.0,0.0,0.0
11.11111111111111,0.0,53.0,1013.8807648200001,20.888888888888886,1531024767,SSE,162.0,4.0,3.0,0.0
10.555555555555555,0.0,55.0,1014.2194023500001,20.222222222222225,1531025667,SSE,151.0,5.0,3.0,0.0
10.0,0.0,53.0,1013.8807648200001,20.0,1531026567,SE,124.0,4.0,2.0,0.0
10.555555555555555,0.0,57.0,1014.2194023500001,19.444444444444446,1531027469,SE,141.0,4.0,3.0,0.0
10.555555555555555,0.0,59.0,1014.2194023500001,18.88888888888889,1531028369,ESE,117.0,4.0,1.0,0.0
10.555555555555555,0.0,62.0,1014.2194023500001,18.22222222222222,1531029270,SE,143.0,5.0,4.0,0.0
10.555555555555555,0.0,64.0,1014.5580398800001,17.77777777777778,1531030171,SE,139.0,7.0,7.0,0.0
11.11111111111111,0.0,66.0,1014.2194023500001,17.333333333333336,1531031071,SSE,147.0,7.0,2.0,0.0
10.555555555555555,0.0,66.0,1014.5580398800001,17.22222222222222,1531031971,ESE,123.0,5.0,3.0,0.0
11.11111111111111,0.0,67.0,1014.2194023500001,17.11111111111111,1531032872,SSE,148.0,4.0,2.0,0.0
